discussion_id,sentiment_encoded,emotion_encoded,num_theories,num_themes,num_canonical_themes,theme_character_development,theme_nostalgia,theme_plot_elements,theme_relationships,theme_theories,theme_cinematography,theme_music,engagement_score,published_hour,published_dayofweek,published_month,days_since_first_post,crawl_lag_hours,intensity_imputed,intensity_was_imputed,emotion_encoded_v2,avg_plausibility_imputed,max_plausibility_imputed,plausibility_was_imputed,engagement_score_v2,engagement_score_winsorized,is_positive,is_negative,log_num_theories,summary_length_std,summary_length_wins,theory_density,is_weekend,hour_sin,hour_cos,dow_sin,dow_cos,intensity_x_themes,sentiment_clean_mixed,sentiment_clean_negative,sentiment_clean_positive,emotion_grouped_appreciation,emotion_grouped_curiosity,emotion_grouped_disappointment,emotion_grouped_excitement,emotion_grouped_frustration,emotion_grouped_nostalgia,emotion_grouped_other,emotion_grouped_rare,_source_file_day1,_source_file_day3,_source_file_week1,theme_pc1,theme_pc2,theme_pc3
1,1,0,4,5,6,1,1,1,1,1,1,0,2.2,0,3,11,0,872.0,8.0,1,0,7.75,9.0,0,6.2,5.3,1,0,1.6094379124341003,-0.07346673594243844,60,0.06666666666666667,0,0.0,1.0,0.43388373911755823,-0.900968867902419,48.0,False,False,True,False,False,False,True,False,False,False,False,True,False,False,0.7079676878413845,0.0311996814677466,-0.2533449119247242
2,1,0,0,5,5,1,1,1,1,1,0,0,1.0,0,3,1,35,31.3,8.0,1,0,0.0,0.0,0,5.0,5.0,1,0,0.0,-0.2829829828893926,53,0.0,0,0.0,1.0,0.43388373911755823,-0.900968867902419,40.0,False,False,True,False,False,False,True,False,False,False,False,True,False,False,0.6954691266201152,0.18430576906491836,-0.12212801024369602
3,1,0,0,5,5,1,1,1,1,0,1,0,1.0,23,3,1,35,8.7,8.0,1,0,0.0,0.0,0,5.0,5.0,1,0,0.0,0.614943789740411,83,0.0,0,-0.25881904510252157,0.9659258262890681,0.43388373911755823,-0.900968867902419,40.0,False,False,True,False,False,False,True,False,False,False,False,True,False,False,0.14585106751643018,-0.6641276463214929,0.13909835738811638
4,0,8,0,4,4,1,0,1,1,0,0,1,3.8,12,3,1,35,19.7,6.0,0,8,0.0,0.0,0,3.8,3.8,0,0,0.0,-1.1509788630982027,24,0.0,0,1.2246467991473532e-16,-1.0,0.43388373911755823,-0.900968867902419,24.0,True,False,False,False,False,False,False,False,False,True,False,True,False,False,-0.23613408834262817,-0.18771599187118282,0.077805642166065
5,1,5,0,4,4,1,1,1,1,0,0,0,0.8,21,3,1,35,10.3,7.0,1,5,0.0,0.0,0,4.3,4.3,1,0,0.0,0.6748055745823979,85,0.0,0,-0.7071067811865477,0.7071067811865474,0.43388373911755823,-0.900968867902419,28.0,False,False,True,True,False,False,False,False,False,False,False,True,False,False,0.1333525062951606,-0.5110215587243212,0.27031525906914455
6,0,1,0,5,5,1,1,1,1,1,0,0,1.0,14,3,1,35,17.3,6.0,1,1,0.0,0.0,0,4.0,4.0,0,0,0.0,-0.1033976283634319,59,0.0,0,-0.4999999999999997,-0.8660254037844388,0.43388373911755823,-0.900968867902419,30.0,True,False,False,False,False,False,False,True,False,False,False,True,False,False,0.6954691266201152,0.18430576906491836,-0.12212801024369602
7,1,3,0,4,4,1,1,0,1,1,0,0,0.8,2,4,1,36,5.5,6.0,1,3,0.0,0.0,0,3.8,3.8,1,0,0.0,0.8843218215293521,92,0.0,0,0.49999999999999994,0.8660254037844387,-0.433883739117558,-0.9009688679024191,24.0,False,False,True,False,False,False,False,False,True,False,False,True,False,False,0.28685638768583077,-0.006091545710405155,-0.8573963550466291
8,1,8,0,3,3,1,0,1,0,1,0,0,0.6,2,4,1,36,5.5,6.0,1,1,0.0,0.0,0,3.6,3.6,1,0,0.0,0.1659804034255092,68,0.0,0,0.49999999999999994,0.8660254037844387,-0.433883739117558,-0.9009688679024191,18.0,False,False,True,False,False,False,False,True,False,False,False,True,False,False,-0.2091165392623211,1.108749885992436,0.06268288315860204
9,1,8,1,5,5,1,1,1,1,1,0,0,3.3,2,4,1,36,5.5,4.0,0,8,8.0,8.0,0,3.3,3.3,1,0,0.6931471805599453,-1.7196658190970784,5,0.2,0,0.49999999999999994,0.8660254037844387,-0.433883739117558,-0.9009688679024191,20.0,False,False,True,False,False,False,False,False,False,True,False,True,False,False,0.6954691266201152,0.18430576906491836,-0.12212801024369602
10,1,0,0,4,4,1,1,1,1,0,0,0,0.8,2,4,1,36,5.6,8.0,1,0,0.0,0.0,0,4.8,4.8,1,0,0.0,1.004045391213326,96,0.0,0,0.49999999999999994,0.8660254037844387,-0.433883739117558,-0.9009688679024191,32.0,False,False,True,False,False,False,True,False,False,False,False,True,False,False,0.1333525062951606,-0.5110215587243212,0.27031525906914455
11,1,0,0,5,4,1,1,1,0,1,0,0,1.0,2,4,1,36,5.6,8.0,1,0,0.0,0.0,0,5.0,5.0,1,0,0.0,-0.4326374449943599,48,0.0,0,0.49999999999999994,0.8660254037844387,-0.433883739117558,-0.9009688679024191,32.0,False,False,True,False,False,False,True,False,False,False,False,True,False,False,0.14516602578951177,0.7316194746555262,0.29714209467225416
12,1,3,0,5,5,1,1,1,1,1,0,0,1.0,2,4,1,36,5.6,6.0,1,3,0.0,0.0,0,4.0,4.0,1,0,0.0,1.063907176055313,98,0.0,0,0.49999999999999994,0.8660254037844387,-0.433883739117558,-0.9009688679024191,30.0,False,False,True,False,False,False,False,False,True,False,False,True,False,False,0.6954691266201152,0.18430576906491836,-0.12212801024369602
13,0,1,2,5,1,1,0,0,0,0,0,0,1.6,2,4,1,36,5.6,6.0,1,1,7.0,8.0,0,4.6,4.6,0,0,1.0986122886681098,1.004045391213326,96,0.020833333333333332,0,0.49999999999999994,0.8660254037844387,-0.433883739117558,-0.9009688679024191,6.0,True,False,False,False,False,False,False,True,False,False,False,True,False,False,-1.1798458985215596,0.22302524342787305,-0.28014219233149057
14,1,3,0,5,3,1,1,0,1,0,0,0,1.0,2,4,1,36,5.6,6.0,1,3,0.0,0.0,0,4.0,4.0,1,0,0.0,1.004045391213326,96,0.0,0,0.49999999999999994,0.8660254037844387,-0.433883739117558,-0.9009688679024191,18.0,False,False,True,False,False,False,False,False,True,False,False,True,False,False,-0.2752602326391236,-0.7014188734996447,-0.4649530857337886
15,1,4,0,5,5,1,1,1,1,0,0,1,1.0,2,4,1,36,5.6,5.0,1,4,0.0,0.0,0,3.5,3.5,1,0,0.0,0.2258421882674961,70,0.0,0,0.49999999999999994,0.8660254037844387,-0.433883739117558,-0.9009688679024191,25.0,False,False,True,False,True,False,False,False,False,False,False,True,False,False,0.1181484767092047,-0.5648464032080927,0.3122648536797171
16,0,8,0,5,5,1,1,1,1,1,0,0,3.0,16,2,12,27,207.3,4.0,0,8,0.0,0.0,0,3.0,3.16,0,0,0.0,-1.7196658190970784,5,0.0,0,-0.8660254037844385,-0.5000000000000004,0.9749279121818236,-0.22252093395631434,20.0,True,False,False,False,False,False,False,False,False,True,False,True,False,False,0.6954691266201152,0.18430576906491836,-0.12212801024369602
17,0,6,0,3,3,1,1,1,0,0,0,0,0.6,15,1,12,19,400.2,5.0,1,6,0.0,0.0,0,3.1,3.16,0,0,0.0,-1.7196658190970784,5,0.0,0,-0.7071067811865471,-0.7071067811865479,0.7818314824680298,0.6234898018587336,15.0,True,False,False,False,False,False,False,False,False,False,True,True,False,False,-0.4169505945354426,0.03629214686628668,0.6895853639850947
18,1,6,0,0,0,0,0,0,0,0,0,0,0.0,1,4,12,29,174.9,6.0,1,6,0.0,0.0,0,3.0,3.16,1,0,0.0,-1.2108406479401896,22,0.0,0,0.25881904510252074,0.9659258262890683,-0.433883739117558,-0.9009688679024191,0.0,False,False,True,False,False,False,False,False,False,False,True,True,False,False,-1.4770386297639935,0.33325474188602855,-0.5160077366299499
19,1,5,0,3,3,1,1,0,1,0,0,0,0.6,2,3,1,35,29.9,7.0,1,5,0.0,0.0,0,4.1,4.1,1,0,0.0,-1.4802186797291308,13,0.0,0,0.49999999999999994,0.8660254037844387,0.43388373911755823,-0.900968867902419,21.0,False,False,True,True,False,False,False,False,False,False,False,True,False,False,-0.2752602326391236,-0.7014188734996447,-0.4649530857337886
20,1,8,0,5,3,1,1,0,1,0,0,0,1.0,20,0,12,18,419.5,6.0,1,5,0.0,0.0,0,4.0,4.0,1,0,0.0,0.13604951100451573,67,0.0,0,-0.8660254037844386,0.5000000000000001,0.0,1.0,18.0,False,False,True,True,False,False,False,False,False,False,False,True,False,False,-0.2752602326391236,-0.7014188734996447,-0.4649530857337886
21,-1,2,0,4,4,1,1,1,0,0,0,1,0.8,1,4,1,36,6.8,7.0,1,2,0.0,0.0,0,4.3,4.3,0,1,0.0,-1.7196658190970784,5,0.0,0,0.25881904510252074,0.9659258262890683,-0.433883739117558,-0.9009688679024191,28.0,False,True,False,False,False,True,False,False,False,False,False,True,False,False,-0.4321546241213985,-0.017532697617484827,0.7315349585956673
22,1,0,0,3,3,1,1,1,0,0,0,0,0.6,1,4,1,36,6.8,8.0,1,0,0.0,0.0,0,4.6,4.6,1,0,0.0,-1.7196658190970784,5,0.0,0,0.25881904510252074,0.9659258262890683,-0.433883739117558,-0.9009688679024191,24.0,False,False,True,False,False,False,True,False,False,False,False,True,False,False,-0.4169505945354426,0.03629214686628668,0.6895853639850947
23,1,4,0,5,5,1,1,1,1,1,0,0,1.0,1,4,1,36,7.1,5.0,1,4,0.0,0.0,0,3.5,3.5,1,0,0.0,-1.7196658190970784,5,0.0,0,0.25881904510252074,0.9659258262890683,-0.433883739117558,-0.9009688679024191,25.0,False,False,True,False,True,False,False,False,False,False,False,True,False,False,0.6954691266201152,0.18430576906491836,-0.12212801024369602
24,1,8,0,5,5,1,1,1,1,1,0,0,5.0,0,4,1,36,7.5,8.0,0,8,0.0,0.0,0,5.0,5.0,1,0,0.0,-1.7196658190970784,5,0.0,0,0.0,1.0,-0.433883739117558,-0.9009688679024191,40.0,False,False,True,False,False,False,False,False,False,True,False,True,False,False,0.6954691266201152,0.18430576906491836,-0.12212801024369602
25,-1,8,0,5,5,1,1,1,1,1,0,0,1.0,21,3,1,35,10.7,6.0,1,1,0.0,0.0,0,4.0,4.0,0,1,0.0,1.0938380684763063,98,0.0,0,-0.7071067811865477,0.7071067811865474,0.43388373911755823,-0.900968867902419,30.0,False,True,False,False,False,False,False,True,False,False,False,True,False,False,0.6954691266201152,0.18430576906491836,-0.12212801024369602
26,-1,1,0,5,5,1,1,1,1,1,0,0,1.0,21,3,1,35,10.9,7.0,1,1,0.0,0.0,0,4.5,4.5,0,1,0.0,0.614943789740411,83,0.0,0,-0.7071067811865477,0.7071067811865474,0.43388373911755823,-0.900968867902419,35.0,False,True,False,False,False,False,False,True,False,False,False,True,False,False,0.6954691266201152,0.18430576906491836,-0.12212801024369602
27,1,3,1,5,4,1,1,0,1,0,1,0,1.3,19,3,1,35,12.8,6.0,1,3,8.0,8.0,0,4.3,4.3,1,0,0.6931471805599453,0.8244600366873652,90,0.011111111111111112,0,-0.9659258262890684,0.2588190451025203,0.43388373911755823,-0.900968867902419,24.0,False,False,True,False,False,False,False,False,True,False,False,True,False,False,-0.262761671417854,-0.8545249610968164,-0.5961699874148167
28,-1,2,0,5,3,1,1,0,1,0,0,0,1.0,18,3,1,35,13.2,7.0,1,2,0.0,0.0,0,4.5,4.5,0,1,0.0,1.063907176055313,98,0.0,0,-1.0,-1.8369701987210297e-16,0.43388373911755823,-0.900968867902419,21.0,False,True,False,False,False,True,False,False,False,False,False,True,False,False,-0.2752602326391236,-0.7014188734996447,-0.4649530857337886
29,1,3,0,5,5,1,1,1,1,1,0,0,1.0,18,3,1,35,13.4,6.0,1,3,0.0,0.0,0,4.0,4.0,1,0,0.0,0.6748055745823979,85,0.0,0,-1.0,-1.8369701987210297e-16,0.43388373911755823,-0.900968867902419,30.0,False,False,True,False,False,False,False,False,True,False,False,True,False,False,0.6954691266201152,0.18430576906491836,-0.12212801024369602
30,-1,1,2,5,5,1,1,1,1,1,0,0,1.6,17,3,1,35,15.0,7.0,1,1,7.0,8.0,0,5.1,5.1,0,1,1.0986122886681098,0.5251511124774306,80,0.025,0,-0.9659258262890683,-0.25881904510252063,0.43388373911755823,-0.900968867902419,35.0,False,True,False,False,False,False,False,True,False,False,False,True,False,False,0.6954691266201152,0.18430576906491836,-0.12212801024369602
31,-1,1,0,3,3,1,1,1,0,0,0,0,0.6,14,3,1,35,17.2,7.0,1,1,0.0,0.0,0,4.1,4.1,0,1,0.0,0.8244600366873652,90,0.0,0,-0.4999999999999997,-0.8660254037844388,0.43388373911755823,-0.900968867902419,21.0,False,True,False,False,False,False,False,True,False,False,False,True,False,False,-0.4169505945354426,0.03629214686628668,0.6895853639850947
32,1,8,0,5,5,1,1,1,1,1,0,0,5.5,13,3,1,35,18.3,9.0,0,8,0.0,0.0,0,5.5,5.3,1,0,0.0,-1.7196658190970784,5,0.0,0,-0.2588190451025208,-0.9659258262890683,0.43388373911755823,-0.900968867902419,45.0,False,False,True,False,False,False,False,False,False,True,False,True,False,False,0.6954691266201152,0.18430576906491836,-0.12212801024369602
33,1,5,0,5,5,1,1,1,1,1,0,0,1.0,12,3,1,35,19.1,7.0,1,5,0.0,0.0,0,4.5,4.5,1,0,0.0,0.2258421882674961,70,0.0,0,1.2246467991473532e-16,-1.0,0.43388373911755823,-0.900968867902419,35.0,False,False,True,True,False,False,False,False,False,False,False,True,False,False,0.6954691266201152,0.18430576906491836,-0.12212801024369602
34,1,1,0,3,3,1,1,1,0,0,0,0,0.6,9,3,1,35,22.5,7.0,1,1,0.0,0.0,0,4.1,4.1,1,0,0.0,0.4952202200564372,79,0.0,0,0.7071067811865476,-0.7071067811865475,0.43388373911755823,-0.900968867902419,21.0,False,False,True,False,False,False,False,True,False,False,False,True,False,False,-0.4169505945354426,0.03629214686628668,0.6895853639850947
35,1,0,0,5,4,1,1,1,0,1,0,0,1.0,8,3,1,35,24.1,8.0,1,0,0.0,0.0,0,5.0,5.0,1,0,0.0,0.944183606371339,94,0.0,0,0.8660254037844387,-0.4999999999999998,0.43388373911755823,-0.900968867902419,32.0,False,False,True,False,False,False,True,False,False,False,False,True,False,False,0.14516602578951177,0.7316194746555262,0.29714209467225416
36,0,4,0,5,3,1,1,0,1,0,0,0,1.0,7,3,1,35,25.1,5.0,1,4,0.0,0.0,0,3.5,3.5,0,0,0.0,0.6748055745823979,85,0.0,0,0.9659258262890683,-0.25881904510252063,0.43388373911755823,-0.900968867902419,15.0,True,False,False,False,True,False,False,False,False,False,False,True,False,False,-0.2752602326391236,-0.7014188734996447,-0.4649530857337886
37,0,7,0,3,3,1,1,1,0,0,0,0,0.6,6,3,1,35,25.9,5.0,1,7,0.0,0.0,0,3.1,3.16,0,0,0.0,-0.1033976283634319,59,0.0,0,1.0,6.123233995736766e-17,0.43388373911755823,-0.900968867902419,15.0,True,False,False,False,False,False,False,False,False,False,True,True,False,False,-0.4169505945354426,0.03629214686628668,0.6895853639850947
38,1,0,0,5,5,1,1,1,1,1,0,0,1.0,3,3,1,35,28.3,8.0,1,0,0.0,0.0,0,5.0,5.0,1,0,0.0,1.1536998533182932,98,0.0,0,0.7071067811865476,0.7071067811865476,0.43388373911755823,-0.900968867902419,40.0,False,False,True,False,False,False,True,False,False,False,False,True,False,False,0.6954691266201152,0.18430576906491836,-0.12212801024369602
39,-1,8,0,0,0,0,0,0,0,0,0,0,2.0,1,3,1,35,31.0,4.0,0,8,0.0,0.0,0,2.0,3.16,0,1,0.0,-1.7196658190970784,5,0.0,0,0.25881904510252074,0.9659258262890683,0.43388373911755823,-0.900968867902419,0.0,False,True,False,False,False,False,False,False,False,True,False,True,False,False,-1.4770386297639935,0.33325474188602855,-0.5160077366299499
40,1,0,0,5,5,1,1,1,1,1,0,0,1.0,1,3,1,35,31.1,8.0,1,0,0.0,0.0,0,5.0,5.0,1,0,0.0,-1.0911170782562158,26,0.0,0,0.25881904510252074,0.9659258262890683,0.43388373911755823,-0.900968867902419,40.0,False,False,True,False,False,False,True,False,False,False,False,True,False,False,0.6954691266201152,0.18430576906491836,-0.12212801024369602
41,0,1,2,5,5,1,1,1,1,1,0,0,1.6,21,2,12,34,34.3,6.0,1,1,8.5,9.0,0,4.6,4.6,0,0,1.0986122886681098,0.8543909291083587,91,0.02197802197802198,0,-0.7071067811865477,0.7071067811865474,0.9749279121818236,-0.22252093395631434,30.0,True,False,False,False,False,False,False,True,False,False,False,True,False,False,0.6954691266201152,0.18430576906491836,-0.12212801024369602
42,-1,8,0,5,4,1,1,0,0,1,1,0,4.0,5,2,12,34,50.4,6.0,0,8,0.0,0.0,0,4.0,4.0,0,1,0.0,-1.2707024327821765,20,0.0,0,0.9659258262890683,0.25881904510252074,0.9749279121818236,-0.22252093395631434,24.0,False,True,False,False,False,False,False,False,False,True,False,True,False,False,-0.25094815192350284,0.388116072283031,-0.5693431518117071
43,1,0,0,0,0,0,0,0,0,0,0,0,0.0,20,1,12,33,60.1,8.0,1,0,0.0,0.0,0,4.0,4.0,1,0,0.0,-1.7196658190970784,5,0.0,0,-0.8660254037844386,0.5000000000000001,0.7818314824680298,0.6234898018587336,0.0,False,False,True,False,False,False,True,False,False,False,False,True,False,False,-1.4770386297639935,0.33325474188602855,-0.5160077366299499
44,0,0,0,3,3,1,0,1,1,0,0,0,0.6,19,1,12,33,60.9,5.0,1,0,0.0,0.0,0,3.1,3.16,0,0,0.0,-1.7196658190970784,5,0.0,0,-0.9659258262890684,0.2588190451025203,0.7818314824680298,0.6234898018587336,15.0,True,False,False,False,False,False,True,False,False,False,False,True,False,False,-0.22093005875667227,-0.13389114738741137,0.03585604755549243
45,-1,8,0,5,5,1,1,0,1,0,1,1,1.0,16,1,12,33,63.3,6.0,1,1,0.0,0.0,0,4.0,4.0,0,1,0.0,1.0938380684763063,98,0.0,0,-0.8660254037844385,-0.5000000000000004,0.7818314824680298,0.6234898018587336,30.0,False,True,False,False,False,False,False,True,False,False,False,True,False,False,-0.2779657010038099,-0.9083498055805879,-0.5542203928042442
46,1,8,0,3,3,1,1,0,1,0,0,0,0.6,2,4,1,36,5.6,6.0,1,0,0.0,0.0,0,3.6,3.6,1,0,0.0,-0.2231211980474057,55,0.0,0,0.49999999999999994,0.8660254037844387,-0.433883739117558,-0.9009688679024191,18.0,False,False,True,False,False,False,True,False,False,False,False,True,False,False,-0.2752602326391236,-0.7014188734996447,-0.4649530857337886
47,1,5,0,3,2,1,1,0,0,0,0,0,0.6,2,4,1,36,6.1,7.0,1,5,0.0,0.0,0,4.1,4.1,1,0,0.0,0.13604951100451573,67,0.0,0,0.49999999999999994,0.8660254037844387,-0.433883739117558,-0.9009688679024191,14.0,False,False,True,True,False,False,False,False,False,False,False,True,False,False,-0.8255633334697268,-0.15410516790903678,-0.04568298081783839
48,-1,8,1,5,4,1,1,1,1,0,0,0,5.3,0,4,1,36,7.6,8.0,0,8,6.0,6.0,0,5.3,5.3,0,1,0.6931471805599453,0.8244600366873652,90,0.011111111111111112,0,0.0,1.0,-0.433883739117558,-0.9009688679024191,32.0,False,True,False,False,False,False,False,False,False,True,False,True,False,False,0.1333525062951606,-0.5110215587243212,0.27031525906914455
49,1,0,0,3,3,1,1,1,0,0,0,0,0.6,23,3,1,35,8.6,8.0,1,0,0.0,0.0,0,4.6,4.6,1,0,0.0,-0.5224301222573403,45,0.0,0,-0.25881904510252157,0.9659258262890681,0.43388373911755823,-0.900968867902419,24.0,False,False,True,False,False,False,True,False,False,False,False,True,False,False,-0.4169505945354426,0.03629214686628668,0.6895853639850947
50,1,3,0,5,5,1,1,1,1,1,0,0,1.0,22,3,1,35,9.6,6.0,1,3,0.0,0.0,0,4.0,4.0,1,0,0.0,-0.013604951100451531,62,0.0,0,-0.5000000000000004,0.8660254037844384,0.43388373911755823,-0.900968867902419,30.0,False,False,True,False,False,False,False,False,True,False,False,True,False,False,0.6954691266201152,0.18430576906491836,-0.12212801024369602
51,1,0,0,4,4,1,1,1,0,1,0,0,0.8,21,3,1,35,10.2,8.0,1,0,0.0,0.0,0,4.8,4.8,1,0,0.0,0.944183606371339,94,0.0,0,-0.7071067811865477,0.7071067811865474,0.43388373911755823,-0.900968867902419,32.0,False,False,True,False,False,False,True,False,False,False,False,True,False,False,0.14516602578951177,0.7316194746555262,0.29714209467225416
52,0,2,0,5,2,1,1,0,0,0,0,0,1.0,20,3,1,35,11.2,6.0,1,2,0.0,0.0,0,4.0,4.0,0,0,0.0,0.7645982518453783,88,0.0,0,-0.8660254037844386,0.5000000000000001,0.43388373911755823,-0.900968867902419,12.0,True,False,False,False,False,True,False,False,False,False,False,True,False,False,-0.8255633334697268,-0.15410516790903678,-0.04568298081783839
53,0,1,1,5,5,1,1,1,1,1,0,0,1.3,20,3,1,35,11.5,6.0,1,1,6.0,6.0,0,4.3,4.3,0,0,0.6931471805599453,1.0938380684763063,98,0.010101010101010102,0,-0.8660254037844386,0.5000000000000001,0.43388373911755823,-0.900968867902419,30.0,True,False,False,False,False,False,False,True,False,False,False,True,False,False,0.6954691266201152,0.18430576906491836,-0.12212801024369602
54,1,1,2,5,3,1,1,1,0,0,0,0,1.6,20,3,1,35,11.8,7.0,1,1,8.5,9.0,0,5.1,5.1,1,0,1.0986122886681098,0.8244600366873652,90,0.022222222222222223,0,-0.8660254037844386,0.5000000000000001,0.43388373911755823,-0.900968867902419,21.0,False,False,True,False,False,False,False,True,False,False,False,True,False,False,-0.4169505945354426,0.03629214686628668,0.6895853639850947
55,0,8,0,5,5,1,1,1,1,1,0,0,1.0,18,3,1,35,13.2,5.0,1,2,0.0,0.0,0,3.5,3.5,0,0,0.0,1.063907176055313,98,0.0,0,-1.0,-1.8369701987210297e-16,0.43388373911755823,-0.900968867902419,25.0,True,False,False,False,False,True,False,False,False,False,False,True,False,False,0.6954691266201152,0.18430576906491836,-0.12212801024369602
56,-1,2,0,4,4,1,1,1,0,1,0,0,0.8,18,3,1,35,13.4,7.0,1,2,0.0,0.0,0,4.3,4.3,0,1,0.0,0.8244600366873652,90,0.0,0,-1.0,-1.8369701987210297e-16,0.43388373911755823,-0.900968867902419,28.0,False,True,False,False,False,True,False,False,False,False,False,True,False,False,0.14516602578951177,0.7316194746555262,0.29714209467225416
57,0,1,0,4,4,1,1,0,1,1,0,0,0.8,17,3,1,35,14.2,6.0,1,1,0.0,0.0,0,3.8,3.8,0,0,0.0,-0.4924992298363468,46,0.0,0,-0.9659258262890683,-0.25881904510252063,0.43388373911755823,-0.900968867902419,24.0,True,False,False,False,False,False,False,True,False,False,False,True,False,False,0.28685638768583077,-0.006091545710405155,-0.8573963550466291
58,0,8,0,5,5,1,1,1,1,1,0,0,1.0,17,3,1,35,14.3,5.0,1,2,0.0,0.0,0,3.5,3.5,0,0,0.0,-0.6720845843623076,40,0.0,0,-0.9659258262890683,-0.25881904510252063,0.43388373911755823,-0.900968867902419,25.0,True,False,False,False,False,True,False,False,False,False,False,True,False,False,0.6954691266201152,0.18430576906491836,-0.12212801024369602
59,1,3,0,4,4,1,1,0,1,1,0,0,0.8,16,3,1,35,15.8,6.0,1,3,0.0,0.0,0,3.8,3.8,1,0,0.0,-1.7196658190970784,5,0.0,0,-0.8660254037844385,-0.5000000000000004,0.43388373911755823,-0.900968867902419,24.0,False,False,True,False,False,False,False,False,True,False,False,True,False,False,0.28685638768583077,-0.006091545710405155,-0.8573963550466291
60,1,8,0,3,3,1,0,1,1,0,0,0,0.6,15,3,1,35,16.3,6.0,1,0,0.0,0.0,0,3.6,3.6,1,0,0.0,-0.4924992298363468,46,0.0,0,-0.7071067811865471,-0.7071067811865479,0.43388373911755823,-0.900968867902419,18.0,False,False,True,False,False,False,True,False,False,False,False,True,False,False,-0.22093005875667227,-0.13389114738741137,0.03585604755549243
61,-1,1,0,5,0,0,0,0,0,0,0,0,1.0,15,3,1,35,16.4,7.0,1,1,0.0,0.0,0,4.5,4.5,0,1,0.0,1.0339762836343194,97,0.0,0,-0.7071067811865471,-0.7071067811865479,0.43388373911755823,-0.900968867902419,0.0,False,True,False,False,False,False,False,True,False,False,False,True,False,False,-1.4770386297639935,0.33325474188602855,-0.5160077366299499
62,0,1,2,5,4,1,0,1,1,1,0,0,1.6,15,3,1,35,16.5,6.0,1,1,8.5,9.0,0,4.6,4.6,0,0,1.0986122886681098,0.9142527139503456,93,0.021505376344086023,0,-0.7071067811865471,-0.7071067811865479,0.43388373911755823,-0.900968867902419,24.0,True,False,False,False,False,False,False,True,False,False,False,True,False,False,0.3411865615682821,0.5614361804018282,-0.35658722175734814
63,-1,8,0,5,5,1,1,1,1,1,0,0,1.0,15,3,1,35,17.1,6.0,1,2,0.0,0.0,0,4.0,4.0,0,1,0.0,-0.1632594132054188,57,0.0,0,-0.7071067811865471,-0.7071067811865479,0.43388373911755823,-0.900968867902419,30.0,False,True,False,False,False,True,False,False,False,False,False,True,False,False,0.6954691266201152,0.18430576906491836,-0.12212801024369602
64,-1,2,0,5,3,1,0,1,0,1,0,0,1.0,15,3,1,35,17.1,7.0,1,2,0.0,0.0,0,4.5,4.5,0,1,0.0,0.8843218215293521,92,0.0,0,-0.7071067811865471,-0.7071067811865479,0.43388373911755823,-0.900968867902419,21.0,False,True,False,False,False,True,False,False,False,False,False,True,False,False,-0.2091165392623211,1.108749885992436,0.06268288315860204
65,-1,8,0,3,3,1,0,1,0,1,0,0,0.6,14,3,1,35,17.7,6.0,1,4,0.0,0.0,0,3.6,3.6,0,1,0.0,-0.3428447677313795,51,0.0,0,-0.4999999999999997,-0.8660254037844388,0.43388373911755823,-0.900968867902419,18.0,False,True,False,False,True,False,False,False,False,False,False,True,False,False,-0.2091165392623211,1.108749885992436,0.06268288315860204
66,-1,2,0,5,4,1,1,1,0,1,0,0,1.0,12,3,1,35,19.3,7.0,1,2,0.0,0.0,0,4.5,4.5,0,1,0.0,-0.7618772616252879,37,0.0,0,1.2246467991473532e-16,-1.0,0.43388373911755823,-0.900968867902419,28.0,False,True,False,False,False,True,False,False,False,False,False,True,False,False,0.14516602578951177,0.7316194746555262,0.29714209467225416
67,0,3,0,3,3,1,1,0,1,0,0,0,0.6,11,3,1,35,20.5,5.0,1,3,0.0,0.0,0,3.1,3.16,0,0,0.0,1.004045391213326,96,0.0,0,0.258819045102521,-0.9659258262890682,0.43388373911755823,-0.900968867902419,15.0,True,False,False,False,False,False,False,False,True,False,False,True,False,False,-0.2752602326391236,-0.7014188734996447,-0.4649530857337886
68,1,8,1,5,4,1,0,1,1,0,0,1,1.3,10,3,1,35,21.5,6.0,1,5,6.0,6.0,0,4.3,4.3,1,0,0.6931471805599453,0.614943789740411,83,0.012048192771084338,0,0.49999999999999994,-0.8660254037844387,0.43388373911755823,-0.900968867902419,24.0,False,False,True,True,False,False,False,False,False,False,False,True,False,False,-0.23613408834262817,-0.18771599187118282,0.077805642166065
69,-1,8,0,5,5,1,1,1,1,1,0,0,1.0,8,3,1,35,23.8,6.0,1,7,0.0,0.0,0,4.0,4.0,0,1,0.0,0.6748055745823979,85,0.0,0,0.8660254037844387,-0.4999999999999998,0.43388373911755823,-0.900968867902419,30.0,False,True,False,False,False,False,False,False,False,False,True,True,False,False,0.6954691266201152,0.18430576906491836,-0.12212801024369602
70,1,3,0,3,3,1,1,1,0,0,0,0,0.6,8,3,1,35,23.8,6.0,1,3,0.0,0.0,0,3.6,3.6,1,0,0.0,-0.7618772616252879,37,0.0,0,0.8660254037844387,-0.4999999999999998,0.43388373911755823,-0.900968867902419,18.0,False,False,True,False,False,False,False,False,True,False,False,True,False,False,-0.4169505945354426,0.03629214686628668,0.6895853639850947
71,1,8,0,5,5,1,1,0,1,1,1,0,5.0,16,5,1,37,16.8,8.0,0,8,0.0,0.0,0,5.0,5.0,1,0,0.0,0.9142527139503456,93,0.0,1,-0.8660254037844385,-0.5000000000000004,-0.9749279121818236,-0.2225209339563146,40.0,False,False,True,False,False,False,False,False,False,True,False,False,True,False,0.29935494890710035,-0.1591976333075769,-0.9886132567276573
72,1,0,1,4,4,1,1,1,1,0,0,0,1.1,20,5,1,37,12.1,8.0,1,0,3.0,3.0,0,5.1,5.1,1,0,0.6931471805599453,-1.5999422494131046,9,0.1111111111111111,1,-0.8660254037844386,0.5000000000000001,-0.9749279121818236,-0.2225209339563146,32.0,False,False,True,False,False,False,True,False,False,False,False,False,True,False,0.1333525062951606,-0.5110215587243212,0.27031525906914455
73,-1,1,1,5,5,1,1,1,1,1,0,0,1.3,22,5,1,37,11.0,7.0,1,1,6.0,6.0,0,4.8,4.8,0,1,0.6931471805599453,0.944183606371339,94,0.010638297872340425,1,-0.5000000000000004,0.8660254037844384,-0.9749279121818236,-0.2225209339563146,35.0,False,True,False,False,False,False,False,True,False,False,False,False,True,False,0.6954691266201152,0.18430576906491836,-0.12212801024369602
74,1,8,0,2,2,1,1,0,0,0,0,0,4.9,13,5,1,37,19.2,9.0,0,8,0.0,0.0,0,4.9,4.9,1,0,0.0,-1.7196658190970784,5,0.0,1,-0.2588190451025208,-0.9659258262890683,-0.9749279121818236,-0.2225209339563146,18.0,False,False,True,False,False,False,False,False,False,True,False,False,True,False,-0.8255633334697268,-0.15410516790903678,-0.04568298081783839
75,-1,2,1,5,3,1,0,1,1,0,0,0,1.3,18,5,1,37,14.4,7.0,1,2,8.0,8.0,0,4.8,4.8,0,1,0.6931471805599453,0.5251511124774306,80,0.0125,1,-1.0,-1.8369701987210297e-16,-0.9749279121818236,-0.2225209339563146,21.0,False,True,False,False,False,True,False,False,False,False,False,False,True,False,-0.22093005875667227,-0.13389114738741137,0.03585604755549243
76,-1,1,1,5,4,1,1,1,1,0,0,0,1.3,12,5,1,37,20.9,7.0,1,1,6.0,6.0,0,4.8,4.8,0,1,0.6931471805599453,0.7645982518453783,88,0.011363636363636364,1,1.2246467991473532e-16,-1.0,-0.9749279121818236,-0.2225209339563146,28.0,False,True,False,False,False,False,False,True,False,False,False,False,True,False,0.1333525062951606,-0.5110215587243212,0.27031525906914455
77,1,8,2,5,5,1,1,1,1,0,1,0,4.6,20,5,1,37,12.2,6.0,0,8,7.0,8.0,0,4.6,4.6,1,0,1.0986122886681098,-1.7196658190970784,5,0.4,1,-0.8660254037844386,0.5000000000000001,-0.9749279121818236,-0.2225209339563146,30.0,False,False,True,False,False,False,False,False,False,True,False,False,True,False,0.14585106751643018,-0.6641276463214929,0.13909835738811638
78,1,8,0,4,4,1,1,1,1,0,0,0,4.8,0,6,1,38,8.9,8.0,0,8,0.0,0.0,0,4.8,4.8,1,0,0.0,-1.7196658190970784,5,0.0,1,0.0,1.0,-0.7818314824680299,0.6234898018587334,32.0,False,False,True,False,False,False,False,False,False,True,False,False,True,False,0.1333525062951606,-0.5110215587243212,0.27031525906914455
79,1,2,0,5,5,1,1,1,1,1,0,0,1.0,3,6,1,38,5.6,7.0,1,2,0.0,0.0,0,4.5,4.5,1,0,0.0,1.0938380684763063,98,0.0,1,0.7071067811865476,0.7071067811865476,-0.7818314824680299,0.6234898018587334,35.0,False,False,True,False,False,True,False,False,False,False,False,False,True,False,0.6954691266201152,0.18430576906491836,-0.12212801024369602
80,1,0,1,5,5,1,1,1,1,1,0,0,1.3,3,6,1,38,5.6,8.0,1,0,6.0,6.0,0,5.3,5.3,1,0,0.6931471805599453,-0.4326374449943599,48,0.020833333333333332,1,0.7071067811865476,0.7071067811865476,-0.7818314824680299,0.6234898018587334,40.0,False,False,True,False,False,False,True,False,False,False,False,False,True,False,0.6954691266201152,0.18430576906491836,-0.12212801024369602
81,1,0,0,5,5,1,1,1,1,1,0,0,1.0,3,6,1,38,5.6,8.0,1,0,0.0,0.0,0,5.0,5.0,1,0,0.0,0.6448746821614044,84,0.0,1,0.7071067811865476,0.7071067811865476,-0.7818314824680299,0.6234898018587334,40.0,False,False,True,False,False,False,True,False,False,False,False,False,True,False,0.6954691266201152,0.18430576906491836,-0.12212801024369602
82,1,2,0,5,5,1,1,1,1,1,0,0,1.0,3,6,1,38,5.7,7.0,1,2,0.0,0.0,0,4.5,4.5,1,0,0.0,-0.7319463692042945,38,0.0,1,0.7071067811865476,0.7071067811865476,-0.7818314824680299,0.6234898018587334,35.0,False,False,True,False,False,True,False,False,False,False,False,False,True,False,0.6954691266201152,0.18430576906491836,-0.12212801024369602
83,0,1,0,5,5,1,1,1,1,1,0,0,1.0,3,6,1,38,5.7,6.0,1,1,0.0,0.0,0,4.0,4.0,0,0,0.0,1.004045391213326,96,0.0,1,0.7071067811865476,0.7071067811865476,-0.7818314824680299,0.6234898018587334,30.0,True,False,False,False,False,False,False,True,False,False,False,False,True,False,0.6954691266201152,0.18430576906491836,-0.12212801024369602
84,-1,1,0,3,3,1,1,1,0,0,0,0,0.6,3,6,1,38,5.8,7.0,1,1,0.0,0.0,0,4.1,4.1,0,1,0.0,0.9741144987923325,95,0.0,1,0.7071067811865476,0.7071067811865476,-0.7818314824680299,0.6234898018587334,21.0,False,True,False,False,False,False,False,True,False,False,False,False,True,False,-0.4169505945354426,0.03629214686628668,0.6895853639850947
85,-1,1,0,3,3,1,1,1,0,0,0,0,0.6,3,6,1,38,5.8,7.0,1,1,0.0,0.0,0,4.1,4.1,0,1,0.0,0.9741144987923325,95,0.0,1,0.7071067811865476,0.7071067811865476,-0.7818314824680299,0.6234898018587334,21.0,False,True,False,False,False,False,False,True,False,False,False,False,True,False,-0.4169505945354426,0.03629214686628668,0.6895853639850947
86,1,5,0,3,3,1,1,0,1,0,0,0,0.6,3,6,1,38,5.8,7.0,1,5,0.0,0.0,0,4.1,4.1,1,0,0.0,-1.7196658190970784,5,0.0,1,0.7071067811865476,0.7071067811865476,-0.7818314824680299,0.6234898018587334,21.0,False,False,True,True,False,False,False,False,False,False,False,False,True,False,-0.2752602326391236,-0.7014188734996447,-0.4649530857337886
87,-1,1,0,5,5,1,1,1,1,1,0,0,1.0,3,6,1,38,5.9,7.0,1,1,0.0,0.0,0,4.5,4.5,0,1,0.0,0.2557730806884896,71,0.0,1,0.7071067811865476,0.7071067811865476,-0.7818314824680299,0.6234898018587334,35.0,False,True,False,False,False,False,False,True,False,False,False,False,True,False,0.6954691266201152,0.18430576906491836,-0.12212801024369602
88,0,6,0,5,5,1,0,1,0,1,1,1,1.0,1,6,1,38,7.3,5.0,1,6,0.0,0.0,0,3.5,3.5,0,0,0.0,-1.7196658190970784,5,0.0,1,0.25881904510252074,0.9659258262890683,-0.7818314824680299,0.6234898018587334,25.0,True,False,False,False,False,False,False,False,False,False,True,False,True,False,-0.21182200762700742,0.9018189539114929,-0.026584423911853616
89,1,8,0,5,5,1,1,1,1,1,0,0,1.0,0,6,1,38,8.3,6.0,1,5,0.0,0.0,0,4.0,4.0,1,0,0.0,-0.40270655257336646,49,0.0,1,0.0,1.0,-0.7818314824680299,0.6234898018587334,30.0,False,False,True,True,False,False,False,False,False,False,False,False,True,False,0.6954691266201152,0.18430576906491836,-0.12212801024369602
90,-1,1,0,4,4,1,1,1,1,0,0,0,0.8,21,5,1,37,11.8,7.0,1,1,0.0,0.0,0,4.3,4.3,0,1,0.0,0.8843218215293521,92,0.0,1,-0.7071067811865477,0.7071067811865474,-0.9749279121818236,-0.2225209339563146,28.0,False,True,False,False,False,False,False,True,False,False,False,False,True,False,0.1333525062951606,-0.5110215587243212,0.27031525906914455
91,1,8,0,3,3,1,1,1,0,0,0,0,5.1,14,5,1,37,18.8,9.0,0,8,0.0,0.0,0,5.1,5.1,1,0,0.0,-1.7196658190970784,5,0.0,1,-0.4999999999999997,-0.8660254037844388,-0.9749279121818236,-0.2225209339563146,27.0,False,False,True,False,False,False,False,False,False,True,False,False,True,False,-0.4169505945354426,0.03629214686628668,0.6895853639850947
92,-1,1,0,5,4,1,1,1,1,0,0,0,1.0,13,5,1,37,19.4,7.0,1,1,0.0,0.0,0,4.5,4.5,0,1,0.0,0.9142527139503456,93,0.0,1,-0.2588190451025208,-0.9659258262890683,-0.9749279121818236,-0.2225209339563146,28.0,False,True,False,False,False,False,False,True,False,False,False,False,True,False,0.1333525062951606,-0.5110215587243212,0.27031525906914455
93,-1,2,3,5,5,1,1,1,1,1,0,0,1.9,12,5,1,37,20.8,7.0,1,2,7.67,9.0,0,5.4,5.3,0,1,1.3862943611198906,0.8843218215293521,92,0.03260869565217391,1,1.2246467991473532e-16,-1.0,-0.9749279121818236,-0.2225209339563146,35.0,False,True,False,False,False,True,False,False,False,False,False,False,True,False,0.6954691266201152,0.18430576906491836,-0.12212801024369602
94,-1,8,0,3,3,1,1,1,0,0,0,0,0.6,1,5,1,37,31.3,6.0,1,8,0.0,0.0,0,3.6,3.6,0,1,0.0,-0.6720845843623076,40,0.0,1,0.25881904510252074,0.9659258262890683,-0.9749279121818236,-0.2225209339563146,18.0,False,True,False,False,False,False,False,False,False,True,False,False,True,False,-0.4169505945354426,0.03629214686628668,0.6895853639850947
95,-1,2,0,4,4,1,0,1,1,1,0,0,0.8,20,4,1,36,36.2,7.0,1,2,0.0,0.0,0,4.3,4.3,0,1,0.0,0.7346673594243849,87,0.0,0,-0.8660254037844386,0.5000000000000001,-0.433883739117558,-0.9009688679024191,28.0,False,True,False,False,False,True,False,False,False,False,False,False,True,False,0.3411865615682821,0.5614361804018282,-0.35658722175734814
96,1,8,0,3,3,1,0,1,1,0,0,0,0.6,19,4,1,36,37.8,6.0,1,2,0.0,0.0,0,3.6,3.6,1,0,0.0,-0.8217390464672748,35,0.0,0,-0.9659258262890684,0.2588190451025203,-0.433883739117558,-0.9009688679024191,18.0,False,False,True,False,False,True,False,False,False,False,False,False,True,False,-0.22093005875667227,-0.13389114738741137,0.03585604755549243
97,-1,1,2,5,5,1,1,1,1,0,0,1,1.6,16,4,1,36,40.5,7.0,1,1,7.0,8.0,0,5.1,5.1,0,1,1.0986122886681098,0.6748055745823979,85,0.023529411764705882,0,-0.8660254037844385,-0.5000000000000004,-0.433883739117558,-0.9009688679024191,35.0,False,True,False,False,False,False,False,True,False,False,False,False,True,False,0.1181484767092047,-0.5648464032080927,0.3122648536797171
98,1,0,0,0,0,0,0,0,0,0,0,0,0.0,12,4,1,36,44.3,8.0,1,0,0.0,0.0,0,4.0,4.0,1,0,0.0,-1.7196658190970784,5,0.0,0,1.2246467991473532e-16,-1.0,-0.433883739117558,-0.9009688679024191,0.0,False,False,True,False,False,False,True,False,False,False,False,False,True,False,-1.4770386297639935,0.33325474188602855,-0.5160077366299499
99,1,0,2,5,5,1,1,1,1,1,0,0,1.6,12,4,1,36,44.5,8.0,1,0,7.0,8.0,0,5.6,5.3,1,0,1.0986122886681098,0.5850128973194175,82,0.024390243902439025,0,1.2246467991473532e-16,-1.0,-0.433883739117558,-0.9009688679024191,40.0,False,False,True,False,False,False,True,False,False,False,False,False,True,False,0.6954691266201152,0.18430576906491836,-0.12212801024369602
100,1,8,0,4,4,1,1,1,1,0,0,0,4.8,11,4,1,36,45.2,8.0,0,8,0.0,0.0,0,4.8,4.8,1,0,0.0,-1.420356894887144,15,0.0,0,0.258819045102521,-0.9659258262890682,-0.433883739117558,-0.9009688679024191,32.0,False,False,True,False,False,False,False,False,False,True,False,False,True,False,0.1333525062951606,-0.5110215587243212,0.27031525906914455
101,1,0,3,5,5,1,1,1,1,1,0,0,1.9,2,4,1,36,54.5,8.0,1,0,8.33,9.0,0,5.9,5.3,1,0,1.3862943611198906,-1.7196658190970784,5,0.6,0,0.49999999999999994,0.8660254037844387,-0.433883739117558,-0.9009688679024191,40.0,False,False,True,False,False,False,True,False,False,False,False,False,True,False,0.6954691266201152,0.18430576906491836,-0.12212801024369602
102,0,1,0,5,5,1,1,1,1,0,1,0,1.0,0,6,1,38,8.1,6.0,1,1,0.0,0.0,0,4.0,4.0,0,0,0.0,0.3754966503724634,75,0.0,1,0.0,1.0,-0.7818314824680299,0.6234898018587334,30.0,True,False,False,False,False,False,False,True,False,False,False,False,True,False,0.14585106751643018,-0.6641276463214929,0.13909835738811638
103,1,5,2,5,4,1,1,1,1,0,0,0,1.6,22,5,1,37,10.7,7.0,1,5,7.0,8.0,0,5.1,5.1,1,0,1.0986122886681098,0.6448746821614044,84,0.023809523809523808,1,-0.5000000000000004,0.8660254037844384,-0.9749279121818236,-0.2225209339563146,28.0,False,False,True,True,False,False,False,False,False,False,False,False,True,False,0.1333525062951606,-0.5110215587243212,0.27031525906914455
104,0,1,0,0,0,0,0,0,0,0,0,0,0.0,21,5,1,37,11.6,6.0,1,1,0.0,0.0,0,3.0,3.16,0,0,0.0,-0.46256833741535336,47,0.0,1,-0.7071067811865477,0.7071067811865474,-0.9749279121818236,-0.2225209339563146,0.0,True,False,False,False,False,False,False,True,False,False,False,False,True,False,-1.4770386297639935,0.33325474188602855,-0.5160077366299499
105,1,1,0,3,3,1,0,1,0,1,0,0,0.6,18,5,1,37,14.1,7.0,1,1,0.0,0.0,0,4.1,4.1,1,0,0.0,0.7047364670033914,86,0.0,1,-1.0,-1.8369701987210297e-16,-0.9749279121818236,-0.2225209339563146,21.0,False,False,True,False,False,False,False,True,False,False,False,False,True,False,-0.2091165392623211,1.108749885992436,0.06268288315860204
106,-1,2,1,3,3,1,0,1,0,1,0,0,0.9,18,5,1,37,14.5,7.0,1,2,6.0,6.0,0,4.4,4.4,0,1,0.6931471805599453,0.5251511124774306,80,0.0125,1,-1.0,-1.8369701987210297e-16,-0.9749279121818236,-0.2225209339563146,21.0,False,True,False,False,False,True,False,False,False,False,False,False,True,False,-0.2091165392623211,1.108749885992436,0.06268288315860204
107,-1,2,0,3,3,1,1,1,0,0,0,0,0.6,16,5,1,37,16.8,7.0,1,2,0.0,0.0,0,4.1,4.1,0,1,0.0,0.8244600366873652,90,0.0,1,-0.8660254037844385,-0.5000000000000004,-0.9749279121818236,-0.2225209339563146,21.0,False,True,False,False,False,True,False,False,False,False,False,False,True,False,-0.4169505945354426,0.03629214686628668,0.6895853639850947
108,0,4,3,5,5,1,1,1,1,1,0,0,1.9,15,5,1,37,17.1,5.0,1,4,7.0,8.0,0,4.4,4.4,0,0,1.3862943611198906,-1.7196658190970784,5,0.6,1,-0.7071067811865471,-0.7071067811865479,-0.9749279121818236,-0.2225209339563146,25.0,True,False,False,False,True,False,False,False,False,False,False,False,True,False,0.6954691266201152,0.18430576906491836,-0.12212801024369602
109,1,4,0,5,5,1,1,1,1,0,1,0,1.0,15,5,1,37,17.2,5.0,1,4,0.0,0.0,0,3.5,3.5,1,0,0.0,1.0938380684763063,98,0.0,1,-0.7071067811865471,-0.7071067811865479,-0.9749279121818236,-0.2225209339563146,25.0,False,False,True,False,True,False,False,False,False,False,False,False,True,False,0.14585106751643018,-0.6641276463214929,0.13909835738811638
110,-1,8,0,5,4,1,1,1,1,0,0,0,1.0,15,5,1,37,17.4,6.0,1,1,0.0,0.0,0,4.0,4.0,0,1,0.0,0.8843218215293521,92,0.0,1,-0.7071067811865471,-0.7071067811865479,-0.9749279121818236,-0.2225209339563146,24.0,False,True,False,False,False,False,False,True,False,False,False,False,True,False,0.1333525062951606,-0.5110215587243212,0.27031525906914455
111,1,0,0,3,3,1,1,1,0,0,0,0,0.6,12,5,1,37,20.5,8.0,1,0,0.0,0.0,0,4.6,4.6,1,0,0.0,0.7945291442663718,89,0.0,1,1.2246467991473532e-16,-1.0,-0.9749279121818236,-0.2225209339563146,24.0,False,False,True,False,False,False,True,False,False,False,False,False,True,False,-0.4169505945354426,0.03629214686628668,0.6895853639850947
112,-1,2,0,5,2,1,0,1,0,0,0,0,1.0,12,5,1,37,20.9,7.0,1,2,0.0,0.0,0,4.5,4.5,0,1,0.0,0.8843218215293521,92,0.0,1,1.2246467991473532e-16,-1.0,-0.9749279121818236,-0.2225209339563146,14.0,False,True,False,False,False,True,False,False,False,False,False,False,True,False,-0.7712331595872753,0.4134225582031965,0.4551261524714426
113,1,0,0,3,3,1,1,1,0,0,0,0,0.6,11,5,1,37,21.2,8.0,1,0,0.0,0.0,0,4.6,4.6,1,0,0.0,0.8244600366873652,90,0.0,1,0.258819045102521,-0.9659258262890682,-0.9749279121818236,-0.2225209339563146,24.0,False,False,True,False,False,False,True,False,False,False,False,False,True,False,-0.4169505945354426,0.03629214686628668,0.6895853639850947
114,0,1,0,3,3,1,1,1,0,0,0,0,0.6,10,5,1,37,22.2,6.0,1,1,0.0,0.0,0,3.6,3.6,0,0,0.0,0.6748055745823979,85,0.0,1,0.49999999999999994,-0.8660254037844387,-0.9749279121818236,-0.2225209339563146,18.0,True,False,False,False,False,False,False,True,False,False,False,False,True,False,-0.4169505945354426,0.03629214686628668,0.6895853639850947
115,0,8,0,5,1,0,1,0,0,0,0,0,1.0,6,5,1,37,26.3,5.0,1,8,0.0,0.0,0,3.5,3.5,0,0,0.0,0.6448746821614044,84,0.0,1,1.0,6.123233995736766e-17,-0.9749279121818236,-0.2225209339563146,5.0,True,False,False,False,False,False,False,False,False,True,False,False,True,False,-1.1227560647121608,-0.04387566945088128,-0.2815485251162978
116,1,0,0,3,3,1,0,1,1,0,0,0,0.6,5,5,1,37,27.9,8.0,1,0,0.0,0.0,0,4.6,4.6,1,0,0.0,0.46528932763544373,78,0.0,1,0.9659258262890683,0.25881904510252074,-0.9749279121818236,-0.2225209339563146,24.0,False,False,True,False,False,False,True,False,False,False,False,False,True,False,-0.22093005875667227,-0.13389114738741137,0.03585604755549243
117,0,0,0,5,5,1,1,1,1,1,0,0,1.0,2,5,1,37,30.3,5.0,1,0,0.0,0.0,0,3.5,3.5,0,0,0.0,0.9142527139503456,93,0.0,1,0.49999999999999994,0.8660254037844387,-0.9749279121818236,-0.2225209339563146,25.0,True,False,False,False,False,False,True,False,False,False,False,False,True,False,0.6954691266201152,0.18430576906491836,-0.12212801024369602
118,1,0,0,5,3,1,1,1,0,0,0,0,1.0,0,5,1,37,32.7,8.0,1,0,0.0,0.0,0,5.0,5.0,1,0,0.0,-0.2829829828893926,53,0.0,1,0.0,1.0,-0.9749279121818236,-0.2225209339563146,24.0,False,False,True,False,False,False,True,False,False,False,False,False,True,False,-0.4169505945354426,0.03629214686628668,0.6895853639850947
119,-1,8,0,0,0,0,0,0,0,0,0,0,0.0,23,4,1,36,33.3,6.0,1,8,0.0,0.0,0,3.0,3.16,0,1,0.0,0.8244600366873652,90,0.0,0,-0.25881904510252157,0.9659258262890681,-0.433883739117558,-0.9009688679024191,0.0,False,True,False,False,False,False,False,False,False,True,False,False,True,False,-1.4770386297639935,0.33325474188602855,-0.5160077366299499
120,-1,8,0,5,4,1,1,0,1,1,0,0,1.0,23,4,1,36,33.3,6.0,1,2,0.0,0.0,0,4.0,4.0,0,1,0.0,0.7945291442663718,89,0.0,0,-0.25881904510252157,0.9659258262890681,-0.433883739117558,-0.9009688679024191,24.0,False,True,False,False,False,True,False,False,False,False,False,False,True,False,0.28685638768583077,-0.006091545710405155,-0.8573963550466291
121,0,4,0,5,5,1,1,1,1,1,0,0,1.0,21,4,1,36,35.8,5.0,1,4,0.0,0.0,0,3.5,3.5,0,0,0.0,0.2557730806884896,71,0.0,0,-0.7071067811865477,0.7071067811865474,-0.433883739117558,-0.9009688679024191,25.0,True,False,False,False,True,False,False,False,False,False,False,False,True,False,0.6954691266201152,0.18430576906491836,-0.12212801024369602
122,-1,7,0,5,5,1,1,1,1,1,0,0,1.0,21,4,1,36,36.0,6.0,1,7,0.0,0.0,0,4.0,4.0,0,1,0.0,-0.5224301222573403,45,0.0,0,-0.7071067811865477,0.7071067811865474,-0.433883739117558,-0.9009688679024191,30.0,False,True,False,False,False,False,False,False,False,False,True,False,True,False,0.6954691266201152,0.18430576906491836,-0.12212801024369602
123,1,0,1,5,4,1,1,1,0,1,0,0,1.3,19,4,1,36,37.4,8.0,1,0,7.0,7.0,0,5.3,5.3,1,0,0.6931471805599453,-0.40270655257336646,49,0.02040816326530612,0,-0.9659258262890684,0.2588190451025203,-0.433883739117558,-0.9009688679024191,32.0,False,False,True,False,False,False,True,False,False,False,False,False,True,False,0.14516602578951177,0.7316194746555262,0.29714209467225416
124,1,0,0,5,4,1,1,1,1,0,0,0,1.0,19,4,1,36,37.6,8.0,1,0,0.0,0.0,0,5.0,5.0,1,0,0.0,-0.9115317237302552,32,0.0,0,-0.9659258262890684,0.2588190451025203,-0.433883739117558,-0.9009688679024191,32.0,False,False,True,False,False,False,True,False,False,False,False,False,True,False,0.1333525062951606,-0.5110215587243212,0.27031525906914455
125,1,0,0,5,5,1,1,1,1,1,0,0,1.0,18,4,1,36,38.2,8.0,1,0,0.0,0.0,0,5.0,5.0,1,0,0.0,0.944183606371339,94,0.0,0,-1.0,-1.8369701987210297e-16,-0.433883739117558,-0.9009688679024191,40.0,False,False,True,False,False,False,True,False,False,False,False,False,True,False,0.6954691266201152,0.18430576906491836,-0.12212801024369602
126,-1,8,0,5,3,1,1,0,1,0,0,0,1.0,16,4,1,36,40.7,6.0,1,8,0.0,0.0,0,4.0,4.0,0,1,0.0,0.8543909291083587,91,0.0,0,-0.8660254037844385,-0.5000000000000004,-0.433883739117558,-0.9009688679024191,18.0,False,True,False,False,False,False,False,False,False,True,False,False,True,False,-0.2752602326391236,-0.7014188734996447,-0.4649530857337886
127,0,2,2,3,3,1,1,1,0,0,0,0,1.2,19,1,1,40,16.1,6.0,1,2,6.5,7.0,0,4.2,4.2,0,0,1.0986122886681098,0.6748055745823979,85,0.023529411764705882,0,-0.9659258262890684,0.2588190451025203,0.7818314824680298,0.6234898018587336,18.0,True,False,False,False,False,True,False,False,False,False,False,False,False,True,-0.4169505945354426,0.03629214686628668,0.6895853639850947
128,0,3,1,5,4,1,1,1,1,0,0,0,1.3,22,1,1,40,13.0,5.0,1,3,8.0,8.0,0,3.8,3.8,0,0,0.6931471805599453,0.6748055745823979,85,0.011764705882352941,0,-0.5000000000000004,0.8660254037844384,0.7818314824680298,0.6234898018587336,20.0,True,False,False,False,False,False,False,False,True,False,False,False,False,True,0.1333525062951606,-0.5110215587243212,0.27031525906914455
129,1,8,0,0,0,0,0,0,0,0,0,0,4.0,0,2,1,41,10.9,8.0,0,8,0.0,0.0,0,4.0,4.0,1,0,0.0,-1.7196658190970784,5,0.0,0,0.0,1.0,0.9749279121818236,-0.22252093395631434,0.0,False,False,True,False,False,False,False,False,False,True,False,False,False,True,-1.4770386297639935,0.33325474188602855,-0.5160077366299499
130,1,0,0,5,3,1,1,0,0,1,0,0,1.0,13,1,1,40,21.8,8.0,1,0,0.0,0.0,0,5.0,5.0,1,0,0.0,-1.7196658190970784,5,0.0,0,-0.2588190451025208,-0.9659258262890683,0.7818314824680298,0.6234898018587336,24.0,False,False,True,False,False,False,True,False,False,False,False,False,False,True,-0.2634467131447724,0.5412221598802027,-0.43812625013067896
131,1,8,0,0,0,0,0,0,0,0,0,0,4.0,16,1,1,40,19.1,8.0,0,8,0.0,0.0,0,4.0,4.0,1,0,0.0,-1.7196658190970784,5,0.0,0,-0.8660254037844385,-0.5000000000000004,0.7818314824680298,0.6234898018587336,0.0,False,False,True,False,False,False,False,False,False,True,False,False,False,True,-1.4770386297639935,0.33325474188602855,-0.5160077366299499
132,1,0,0,3,3,1,1,0,1,0,0,0,0.6,22,1,1,40,12.8,8.0,1,0,0.0,0.0,0,4.6,4.6,1,0,0.0,-1.5101495721501244,12,0.0,0,-0.5000000000000004,0.8660254037844384,0.7818314824680298,0.6234898018587336,24.0,False,False,True,False,False,False,True,False,False,False,False,False,False,True,-0.2752602326391236,-0.7014188734996447,-0.4649530857337886
133,-1,1,0,3,3,1,1,1,0,0,0,0,0.6,5,2,1,41,5.5,7.0,1,1,0.0,0.0,0,4.1,4.1,0,1,0.0,0.944183606371339,94,0.0,0,0.9659258262890683,0.25881904510252074,0.9749279121818236,-0.22252093395631434,21.0,False,True,False,False,False,False,False,True,False,False,False,False,False,True,-0.4169505945354426,0.03629214686628668,0.6895853639850947
134,-1,1,0,5,5,1,1,1,1,0,0,1,1.0,5,2,1,41,5.8,7.0,1,1,0.0,0.0,0,4.5,4.5,0,1,0.0,0.9142527139503456,93,0.0,0,0.9659258262890683,0.25881904510252074,0.9749279121818236,-0.22252093395631434,35.0,False,True,False,False,False,False,False,True,False,False,False,False,False,True,0.1181484767092047,-0.5648464032080927,0.3122648536797171
135,0,1,0,4,3,1,0,1,0,1,0,0,0.8,5,2,1,41,5.8,6.0,1,1,0.0,0.0,0,3.8,3.8,0,0,0.0,0.9741144987923325,95,0.0,0,0.9659258262890683,0.25881904510252074,0.9749279121818236,-0.22252093395631434,18.0,True,False,False,False,False,False,False,True,False,False,False,False,False,True,-0.2091165392623211,1.108749885992436,0.06268288315860204
136,-1,1,0,0,0,0,0,0,0,0,0,0,0.0,5,2,1,41,6.0,7.0,1,1,0.0,0.0,0,3.5,3.5,0,1,0.0,0.3754966503724634,75,0.0,0,0.9659258262890683,0.25881904510252074,0.9749279121818236,-0.22252093395631434,0.0,False,True,False,False,False,False,False,True,False,False,False,False,False,True,-1.4770386297639935,0.33325474188602855,-0.5160077366299499
137,-1,1,0,3,3,1,0,1,1,0,0,0,0.6,4,2,1,41,6.2,7.0,1,1,0.0,0.0,0,4.1,4.1,0,1,0.0,-0.013604951100451531,62,0.0,0,0.8660254037844386,0.5000000000000001,0.9749279121818236,-0.22252093395631434,21.0,False,True,False,False,False,False,False,True,False,False,False,False,False,True,-0.22093005875667227,-0.13389114738741137,0.03585604755549243
138,1,8,0,4,4,1,1,0,1,0,1,0,3.8,4,2,1,41,6.2,6.0,0,8,0.0,0.0,0,3.8,3.8,1,0,0.0,-1.7196658190970784,5,0.0,0,0.8660254037844386,0.5000000000000001,0.9749279121818236,-0.22252093395631434,24.0,False,False,True,False,False,False,False,False,False,True,False,False,False,True,-0.262761671417854,-0.8545249610968164,-0.5961699874148167
139,-1,1,0,5,4,1,1,1,1,0,0,0,1.0,4,2,1,41,6.2,7.0,1,1,0.0,0.0,0,4.5,4.5,0,1,0.0,1.0938380684763063,98,0.0,0,0.8660254037844386,0.5000000000000001,0.9749279121818236,-0.22252093395631434,28.0,False,True,False,False,False,False,False,True,False,False,False,False,False,True,0.1333525062951606,-0.5110215587243212,0.27031525906914455
140,1,5,0,0,0,0,0,0,0,0,0,0,0.0,4,2,1,41,6.2,7.0,1,5,0.0,0.0,0,3.5,3.5,1,0,0.0,0.944183606371339,94,0.0,0,0.8660254037844386,0.5000000000000001,0.9749279121818236,-0.22252093395631434,0.0,False,False,True,True,False,False,False,False,False,False,False,False,False,True,-1.4770386297639935,0.33325474188602855,-0.5160077366299499
141,1,8,0,3,3,1,1,1,0,0,0,0,5.1,4,2,1,41,6.2,9.0,0,8,0.0,0.0,0,5.1,5.1,1,0,0.0,-1.2707024327821765,20,0.0,0,0.8660254037844386,0.5000000000000001,0.9749279121818236,-0.22252093395631434,27.0,False,False,True,False,False,False,False,False,False,True,False,False,False,True,-0.4169505945354426,0.03629214686628668,0.6895853639850947
142,1,8,0,5,5,1,1,1,1,1,0,0,4.0,4,2,1,41,6.2,6.0,0,8,0.0,0.0,0,4.0,4.0,1,0,0.0,0.8244600366873652,90,0.0,0,0.8660254037844386,0.5000000000000001,0.9749279121818236,-0.22252093395631434,30.0,False,False,True,False,False,False,False,False,False,True,False,False,False,True,0.6954691266201152,0.18430576906491836,-0.12212801024369602
143,-1,7,0,5,5,1,1,1,1,1,0,0,1.0,4,2,1,41,6.7,6.0,1,7,0.0,0.0,0,4.0,4.0,0,1,0.0,-0.372775660152373,50,0.0,0,0.8660254037844386,0.5000000000000001,0.9749279121818236,-0.22252093395631434,30.0,False,True,False,False,False,False,False,False,False,False,True,False,False,True,0.6954691266201152,0.18430576906491836,-0.12212801024369602
144,1,2,0,5,5,1,1,1,1,0,1,0,1.0,1,2,1,41,9.9,7.0,1,2,0.0,0.0,0,4.5,4.5,1,0,0.0,-0.6720845843623076,40,0.0,0,0.25881904510252074,0.9659258262890683,0.9749279121818236,-0.22252093395631434,35.0,False,False,True,False,False,True,False,False,False,False,False,False,False,True,0.14585106751643018,-0.6641276463214929,0.13909835738811638
145,-1,1,0,3,3,1,0,1,0,1,0,0,0.6,0,2,1,41,10.9,7.0,1,1,0.0,0.0,0,4.1,4.1,0,1,0.0,0.9142527139503456,93,0.0,0,0.0,1.0,0.9749279121818236,-0.22252093395631434,21.0,False,True,False,False,False,False,False,True,False,False,False,False,False,True,-0.2091165392623211,1.108749885992436,0.06268288315860204
146,1,5,0,5,4,1,1,1,1,0,0,0,1.0,23,1,1,40,12.0,7.0,1,5,0.0,0.0,0,4.5,4.5,1,0,0.0,0.944183606371339,94,0.0,0,-0.25881904510252157,0.9659258262890681,0.7818314824680298,0.6234898018587336,28.0,False,False,True,True,False,False,False,False,False,False,False,False,False,True,0.1333525062951606,-0.5110215587243212,0.27031525906914455
147,1,0,0,5,5,1,1,0,1,1,1,0,1.0,20,1,1,40,14.4,8.0,1,0,0.0,0.0,0,5.0,5.0,1,0,0.0,-1.7196658190970784,5,0.0,0,-0.8660254037844386,0.5000000000000001,0.7818314824680298,0.6234898018587336,40.0,False,False,True,False,False,False,True,False,False,False,False,False,False,True,0.29935494890710035,-0.1591976333075769,-0.9886132567276573
148,0,2,0,4,4,1,1,1,1,0,0,0,0.8,18,1,1,40,17.0,6.0,1,2,0.0,0.0,0,3.8,3.8,0,0,0.0,0.7346673594243849,87,0.0,0,-1.0,-1.8369701987210297e-16,0.7818314824680298,0.6234898018587336,24.0,True,False,False,False,False,True,False,False,False,False,False,False,False,True,0.1333525062951606,-0.5110215587243212,0.27031525906914455
149,-1,1,0,0,0,0,0,0,0,0,0,0,0.0,16,1,1,40,18.3,7.0,1,1,0.0,0.0,0,3.5,3.5,0,1,0.0,-1.7196658190970784,5,0.0,0,-0.8660254037844385,-0.5000000000000004,0.7818314824680298,0.6234898018587336,0.0,False,True,False,False,False,False,False,True,False,False,False,False,False,True,-1.4770386297639935,0.33325474188602855,-0.5160077366299499
150,-1,2,0,3,3,1,1,1,0,0,0,0,0.6,12,1,1,40,22.2,7.0,1,2,0.0,0.0,0,4.1,4.1,0,1,0.0,-1.7196658190970784,5,0.0,0,1.2246467991473532e-16,-1.0,0.7818314824680298,0.6234898018587336,21.0,False,True,False,False,False,True,False,False,False,False,False,False,False,True,-0.4169505945354426,0.03629214686628668,0.6895853639850947
151,1,0,1,5,5,1,1,1,1,1,0,0,1.3,0,1,1,40,34.8,8.0,1,0,6.0,6.0,0,5.3,5.3,1,0,0.6931471805599453,-0.6720845843623076,40,0.025,0,0.0,1.0,0.7818314824680298,0.6234898018587336,40.0,False,False,True,False,False,False,True,False,False,False,False,False,False,True,0.6954691266201152,0.18430576906491836,-0.12212801024369602
152,-1,1,0,5,5,1,1,1,1,1,0,0,1.0,22,0,1,39,37.0,7.0,1,1,0.0,0.0,0,4.5,4.5,0,1,0.0,0.7047364670033914,86,0.0,0,-0.5000000000000004,0.8660254037844384,0.0,1.0,35.0,False,True,False,False,False,False,False,True,False,False,False,False,False,True,0.6954691266201152,0.18430576906491836,-0.12212801024369602
153,0,0,4,3,3,1,1,1,0,0,0,0,1.8,21,0,1,39,37.4,5.0,1,0,7.5,9.0,0,4.3,4.3,0,0,1.6094379124341003,0.5550820048984241,81,0.04938271604938271,0,-0.7071067811865477,0.7071067811865474,0.0,1.0,15.0,True,False,False,False,False,False,True,False,False,False,False,False,False,True,-0.4169505945354426,0.03629214686628668,0.6895853639850947
154,-1,2,0,5,5,1,1,1,0,1,1,0,1.0,16,0,1,39,43.0,7.0,1,2,0.0,0.0,0,4.5,4.5,0,1,0.0,-1.420356894887144,15,0.0,0,-0.8660254037844385,-0.5000000000000004,0.0,1.0,35.0,False,True,False,False,False,True,False,False,False,False,False,False,False,True,0.15766458701078134,0.5785133870583545,0.165925192991226
155,1,8,0,5,3,1,1,1,0,0,0,0,5.0,14,0,1,39,44.5,8.0,0,8,0.0,0.0,0,5.0,5.0,1,0,0.0,-1.7196658190970784,5,0.0,0,-0.4999999999999997,-0.8660254037844388,0.0,1.0,24.0,False,False,True,False,False,False,False,False,False,True,False,False,False,True,-0.4169505945354426,0.03629214686628668,0.6895853639850947
156,-1,6,0,5,0,0,0,0,0,0,0,0,1.0,14,0,1,39,44.5,6.0,1,6,0.0,0.0,0,4.0,4.0,0,1,0.0,-0.372775660152373,50,0.0,0,-0.4999999999999997,-0.8660254037844388,0.0,1.0,0.0,False,True,False,False,False,False,False,False,False,False,True,False,False,True,-1.4770386297639935,0.33325474188602855,-0.5160077366299499
157,1,0,0,5,5,1,1,1,1,1,0,0,1.0,10,0,1,39,49.0,8.0,1,0,0.0,0.0,0,5.0,5.0,1,0,0.0,-1.3904260024661503,16,0.0,0,0.49999999999999994,-0.8660254037844387,0.0,1.0,40.0,False,False,True,False,False,False,True,False,False,False,False,False,False,True,0.6954691266201152,0.18430576906491836,-0.12212801024369602
158,0,8,0,5,5,1,1,1,1,1,0,0,1.0,4,0,1,39,54.5,5.0,1,8,0.0,0.0,0,3.5,3.5,0,0,0.0,0.944183606371339,94,0.0,0,0.8660254037844386,0.5000000000000001,0.0,1.0,25.0,True,False,False,False,False,False,False,False,False,True,False,False,False,True,0.6954691266201152,0.18430576906491836,-0.12212801024369602
159,1,1,0,5,5,1,1,1,1,1,0,0,1.0,22,6,1,38,60.5,7.0,1,1,0.0,0.0,0,4.5,4.5,1,0,0.0,0.8843218215293521,92,0.0,1,-0.5000000000000004,0.8660254037844384,-0.7818314824680299,0.6234898018587334,35.0,False,False,True,False,False,False,False,True,False,False,False,False,False,True,0.6954691266201152,0.18430576906491836,-0.12212801024369602
160,1,0,0,5,5,1,1,1,1,1,0,0,1.0,19,6,1,38,63.6,8.0,1,0,0.0,0.0,0,5.0,5.0,1,0,0.0,0.9741144987923325,95,0.0,1,-0.9659258262890684,0.2588190451025203,-0.7818314824680299,0.6234898018587334,40.0,False,False,True,False,False,False,True,False,False,False,False,False,False,True,0.6954691266201152,0.18430576906491836,-0.12212801024369602
161,1,5,0,5,3,1,1,0,1,0,0,0,1.0,15,6,1,38,67.7,7.0,1,5,0.0,0.0,0,4.5,4.5,1,0,0.0,0.7645982518453783,88,0.0,1,-0.7071067811865471,-0.7071067811865479,-0.7818314824680299,0.6234898018587334,21.0,False,False,True,True,False,False,False,False,False,False,False,False,False,True,-0.2752602326391236,-0.7014188734996447,-0.4649530857337886
162,0,5,0,5,5,1,1,1,1,0,1,0,1.0,10,6,1,38,72.1,5.0,1,5,0.0,0.0,0,3.5,3.5,0,0,0.0,0.8843218215293521,92,0.0,1,0.49999999999999994,-0.8660254037844387,-0.7818314824680299,0.6234898018587334,25.0,True,False,False,True,False,False,False,False,False,False,False,False,False,True,0.14585106751643018,-0.6641276463214929,0.13909835738811638
163,-1,1,1,5,3,1,1,0,1,0,0,0,1.3,5,6,1,38,77.5,7.0,1,1,6.0,6.0,0,4.8,4.8,0,1,0.6931471805599453,0.6748055745823979,85,0.011764705882352941,1,0.9659258262890683,0.25881904510252074,-0.7818314824680299,0.6234898018587334,21.0,False,True,False,False,False,False,False,True,False,False,False,False,False,True,-0.2752602326391236,-0.7014188734996447,-0.4649530857337886
164,1,5,0,4,4,1,1,1,1,0,0,0,0.8,4,6,1,38,78.2,7.0,1,5,0.0,0.0,0,4.3,4.3,1,0,0.0,-0.1632594132054188,57,0.0,1,0.8660254037844386,0.5000000000000001,-0.7818314824680299,0.6234898018587334,28.0,False,False,True,True,False,False,False,False,False,False,False,False,False,True,0.1333525062951606,-0.5110215587243212,0.27031525906914455
165,-1,2,3,5,5,1,1,1,1,1,0,0,1.9,2,6,1,38,80.8,7.0,1,2,6.33,8.0,0,5.4,5.3,0,1,1.3862943611198906,-1.4502877873081375,14,0.21428571428571427,1,0.49999999999999994,0.8660254037844387,-0.7818314824680299,0.6234898018587334,35.0,False,True,False,False,False,True,False,False,False,False,False,False,False,True,0.6954691266201152,0.18430576906491836,-0.12212801024369602
166,0,1,0,3,3,1,0,1,1,0,0,0,0.6,2,2,1,41,8.3,6.0,1,1,0.0,0.0,0,3.6,3.6,0,0,0.0,0.8843218215293521,92,0.0,0,0.49999999999999994,0.8660254037844387,0.9749279121818236,-0.22252093395631434,18.0,True,False,False,False,False,False,False,True,False,False,False,False,False,True,-0.22093005875667227,-0.13389114738741137,0.03585604755549243
167,0,8,0,5,5,1,1,1,1,0,1,0,4.0,0,2,1,41,10.8,6.0,0,8,0.0,0.0,0,4.0,4.0,0,0,0.0,0.04625683374153538,64,0.0,0,0.0,1.0,0.9749279121818236,-0.22252093395631434,30.0,True,False,False,False,False,False,False,False,False,True,False,False,False,True,0.14585106751643018,-0.6641276463214929,0.13909835738811638
168,1,1,0,4,4,1,1,1,0,1,0,0,0.8,21,1,1,40,13.7,7.0,1,1,0.0,0.0,0,4.3,4.3,1,0,0.0,0.6448746821614044,84,0.0,0,-0.7071067811865477,0.7071067811865474,0.7818314824680298,0.6234898018587336,28.0,False,False,True,False,False,False,False,True,False,False,False,False,False,True,0.14516602578951177,0.7316194746555262,0.29714209467225416
169,1,8,0,3,3,1,0,1,1,0,0,0,0.6,19,1,1,40,15.2,6.0,1,8,0.0,0.0,0,3.6,3.6,1,0,0.0,-0.7918081540462814,36,0.0,0,-0.9659258262890684,0.2588190451025203,0.7818314824680298,0.6234898018587336,18.0,False,False,True,False,False,False,False,False,False,True,False,False,False,True,-0.22093005875667227,-0.13389114738741137,0.03585604755549243
170,1,0,0,5,4,1,1,1,1,0,0,0,1.0,18,1,1,40,16.3,8.0,1,0,0.0,0.0,0,5.0,5.0,1,0,0.0,-0.25305209046839916,54,0.0,0,-1.0,-1.8369701987210297e-16,0.7818314824680298,0.6234898018587336,32.0,False,False,True,False,False,False,True,False,False,False,False,False,False,True,0.1333525062951606,-0.5110215587243212,0.27031525906914455
171,1,2,0,5,4,1,1,1,1,0,0,0,1.0,18,1,1,40,16.8,7.0,1,2,0.0,0.0,0,4.5,4.5,1,0,0.0,0.7047364670033914,86,0.0,0,-1.0,-1.8369701987210297e-16,0.7818314824680298,0.6234898018587336,28.0,False,False,True,False,False,True,False,False,False,False,False,False,False,True,0.1333525062951606,-0.5110215587243212,0.27031525906914455
172,-1,1,2,4,4,1,0,1,0,1,1,0,1.4,15,1,1,40,19.6,7.0,1,1,5.5,6.0,0,4.9,4.9,0,1,1.0986122886681098,0.6448746821614044,84,0.023809523809523808,0,-0.7071067811865471,-0.7071067811865479,0.7818314824680298,0.6234898018587336,28.0,False,True,False,False,False,False,False,True,False,False,False,False,False,True,-0.19661797804105152,0.9556437983952644,-0.06853401852242613
173,-1,4,0,5,5,1,1,1,1,0,1,0,1.0,15,1,1,40,19.9,6.0,1,4,0.0,0.0,0,4.0,4.0,0,1,0.0,0.016325941320541923,63,0.0,0,-0.7071067811865471,-0.7071067811865479,0.7818314824680298,0.6234898018587336,30.0,False,True,False,False,True,False,False,False,False,False,False,False,False,True,0.14585106751643018,-0.6641276463214929,0.13909835738811638
174,-1,1,0,4,4,1,1,1,1,0,0,0,0.8,13,1,1,40,21.7,7.0,1,1,0.0,0.0,0,4.3,4.3,0,1,0.0,0.8843218215293521,92,0.0,0,-0.2588190451025208,-0.9659258262890683,0.7818314824680298,0.6234898018587336,28.0,False,True,False,False,False,False,False,True,False,False,False,False,False,True,0.1333525062951606,-0.5110215587243212,0.27031525906914455
175,1,0,0,4,4,1,1,1,1,0,0,0,0.8,3,1,1,40,31.9,8.0,1,0,0.0,0.0,0,4.8,4.8,1,0,0.0,0.3754966503724634,75,0.0,0,0.7071067811865476,0.7071067811865476,0.7818314824680298,0.6234898018587336,32.0,False,False,True,False,False,False,True,False,False,False,False,False,False,True,0.1333525062951606,-0.5110215587243212,0.27031525906914455
176,-1,8,1,5,3,1,1,0,1,0,0,0,1.3,0,1,1,40,34.9,6.0,1,8,6.0,6.0,0,4.3,4.3,0,1,0.6931471805599453,0.7346673594243849,87,0.011494252873563218,0,0.0,1.0,0.7818314824680298,0.6234898018587336,18.0,False,True,False,False,False,False,False,False,False,True,False,False,False,True,-0.2752602326391236,-0.7014188734996447,-0.4649530857337886
177,1,4,0,5,5,1,0,1,1,1,1,0,1.0,22,0,1,39,36.8,5.0,1,4,0.0,0.0,0,3.5,3.5,1,0,0.0,0.28570397310948303,72,0.0,0,-0.5000000000000004,0.8660254037844384,0.0,1.0,25.0,False,False,True,False,True,False,False,False,False,False,False,False,False,True,0.35368512278955166,0.40833009280465643,-0.4878041234383763
178,-1,1,2,5,5,1,1,1,1,1,0,0,1.6,21,0,1,39,37.3,7.0,1,1,7.0,8.0,0,5.1,5.1,0,1,1.0986122886681098,1.063907176055313,98,0.02040816326530612,0,-0.7071067811865477,0.7071067811865474,0.0,1.0,35.0,False,True,False,False,False,False,False,True,False,False,False,False,False,True,0.6954691266201152,0.18430576906491836,-0.12212801024369602
179,1,0,1,3,3,1,1,1,0,0,0,0,0.9,18,0,1,39,40.9,8.0,1,0,0.0,0.0,0,4.9,4.9,1,0,0.6931471805599453,1.004045391213326,96,0.010416666666666666,0,-1.0,-1.8369701987210297e-16,0.0,1.0,24.0,False,False,True,False,False,False,True,False,False,False,False,False,False,True,-0.4169505945354426,0.03629214686628668,0.6895853639850947
180,1,0,0,5,5,1,1,1,1,1,0,0,1.0,16,0,1,39,42.4,8.0,1,0,0.0,0.0,0,5.0,5.0,1,0,0.0,-0.7618772616252879,37,0.0,0,-0.8660254037844385,-0.5000000000000004,0.0,1.0,40.0,False,False,True,False,False,False,True,False,False,False,False,False,False,True,0.6954691266201152,0.18430576906491836,-0.12212801024369602
181,0,8,0,5,5,1,1,1,1,1,0,0,1.0,10,0,1,39,48.8,5.0,1,8,0.0,0.0,0,3.5,3.5,0,0,0.0,0.3156348655304765,73,0.0,0,0.49999999999999994,-0.8660254037844387,0.0,1.0,25.0,True,False,False,False,False,False,False,False,False,True,False,False,False,True,0.6954691266201152,0.18430576906491836,-0.12212801024369602
182,0,4,0,5,5,1,1,1,1,1,0,0,1.0,7,0,1,39,51.4,5.0,1,4,0.0,0.0,0,3.5,3.5,0,0,0.0,0.6748055745823979,85,0.0,0,0.9659258262890683,-0.25881904510252063,0.0,1.0,25.0,True,False,False,False,True,False,False,False,False,False,False,False,False,True,0.6954691266201152,0.18430576906491836,-0.12212801024369602
183,0,4,0,3,3,1,1,1,0,0,0,0,0.6,22,6,1,38,60.6,5.0,1,4,0.0,0.0,0,3.1,3.16,0,0,0.0,-0.4924992298363468,46,0.0,1,-0.5000000000000004,0.8660254037844384,-0.7818314824680299,0.6234898018587334,15.0,True,False,False,False,True,False,False,False,False,False,False,False,False,True,-0.4169505945354426,0.03629214686628668,0.6895853639850947
184,1,0,0,5,4,1,1,1,1,0,0,0,1.0,18,6,1,38,64.3,8.0,1,0,0.0,0.0,0,5.0,5.0,1,0,0.0,-0.25305209046839916,54,0.0,1,-1.0,-1.8369701987210297e-16,-0.7818314824680299,0.6234898018587334,32.0,False,False,True,False,False,False,True,False,False,False,False,False,False,True,0.1333525062951606,-0.5110215587243212,0.27031525906914455
185,-1,1,3,5,3,1,1,0,0,0,1,0,1.9,16,6,1,38,66.2,7.0,1,1,7.0,8.0,0,5.4,5.3,0,1,1.3862943611198906,0.8543909291083587,91,0.03296703296703297,1,-0.8660254037844385,-0.5000000000000004,-0.7818314824680299,0.6234898018587334,21.0,False,True,False,False,False,False,False,True,False,False,False,False,False,True,-0.8130647722484572,-0.30721125550620854,-0.17689988249886657
186,1,0,1,5,5,1,1,1,1,1,0,0,1.3,12,6,1,38,70.4,8.0,1,0,8.0,8.0,0,5.3,5.3,1,0,0.6931471805599453,0.7645982518453783,88,0.011363636363636364,1,1.2246467991473532e-16,-1.0,-0.7818314824680299,0.6234898018587334,40.0,False,False,True,False,False,False,True,False,False,False,False,False,False,True,0.6954691266201152,0.18430576906491836,-0.12212801024369602
187,-1,2,0,5,5,1,1,1,1,0,1,0,1.0,8,6,1,38,74.5,7.0,1,2,0.0,0.0,0,4.5,4.5,0,1,0.0,-0.40270655257336646,49,0.0,1,0.8660254037844387,-0.4999999999999998,-0.7818314824680299,0.6234898018587334,35.0,False,True,False,False,False,True,False,False,False,False,False,False,False,True,0.14585106751643018,-0.6641276463214929,0.13909835738811638
